split,cell_id,method,groups,instances,verified_instances,group_verified_rate,group_verified_ci_low,group_verified_ci_high,median_runtime_s,runtime_q1_s,runtime_q3_s,conditional_mean_score,conditional_mean_makespan_s,conditional_mean_load_variance_s2,conditional_mean_travel_setup_time_s
frozen_test,iid_medium,assignment_milp,12,24,21,0.875,0.75,1.0,0.23068521948880516,0.06460548400355037,0.6560748640040401,92.48054801788928,88.0224288569147,12.116737819805978,38.522822699842735
frozen_test,iid_medium,deterministic_lns,12,24,22,0.9166666666666666,0.7916666666666666,1.0,0.3850078434916213,0.3549606440064963,0.4205328992684372,82.45809199338898,77.67552717876796,11.536224257049444,42.057536017685486
frozen_test,iid_medium,greedy,12,24,21,0.875,0.75,1.0,0.013544220506446436,0.011448358767665923,0.015852429482038133,99.2877800781276,92.83982392624677,71.11553998566835,28.921791525974157
frozen_test,iid_medium,hungarian,12,24,22,0.9166666666666666,0.7916666666666666,1.0,0.014730299008078873,0.012731232010992244,0.016494464507559314,98.29223835679421,94.0769611596562,11.93495605928616,36.18529394173716
frozen_test,iid_medium,hybrid_assignment_milp,12,24,24,1.0,1.0,1.0,0.23164473398355767,0.06512565477169119,0.6568441529816482,99.39643177135316,94.43777428373295,11.594560679468607,43.78929453646795
frozen_test,iid_medium,hybrid_load_balanced,12,24,24,1.0,1.0,1.0,0.015477735520107672,0.014008201003889553,0.01763706750352867,102.62954312775469,96.38119604418026,16.170429852282428,54.39825590960314
frozen_test,iid_medium,load_balanced,12,24,22,0.9166666666666666,0.7916666666666666,1.0,0.014005378499859944,0.011816380749223754,0.0157272729993565,99.6497905419747,93.57640937416559,16.109093169975285,52.679265093103474
frozen_test,iid_medium,order_aware_lns,12,24,24,1.0,1.0,1.0,0.5576359300175682,0.49107623274903744,0.6084737755008973,83.76308886441974,78.57381353013525,11.937838976814136,45.92383385443784
frozen_test,iid_small,assignment_milp,12,24,24,1.0,1.0,1.0,0.02237467499799095,0.014449165988480672,0.08528981247218326,34.361966169801704,31.28585109638709,10.865729800745722,25.32828583377326
frozen_test,iid_small,deterministic_lns,12,24,24,1.0,1.0,1.0,0.19640586397144943,0.17190672348078806,0.21761888400942553,32.083666329065856,29.2076624302382,7.841370005100089,24.8393539857265
frozen_test,iid_small,greedy,12,24,24,1.0,1.0,1.0,0.005353510496206582,0.0045018012606306,0.005680556743755005,38.50605096329434,34.235796721901636,43.857286780360894,20.773899023746626
frozen_test,iid_small,hungarian,12,24,24,1.0,1.0,1.0,0.005391231505200267,0.004481153751839884,0.00579434925748501,35.19744629574736,32.25339620354316,11.450333856764056,23.715333993659993
frozen_test,iid_small,hybrid_assignment_milp,12,24,24,1.0,1.0,1.0,0.021959903999231756,0.014190075249643996,0.08858572100871243,34.061509879691904,30.882377896344256,10.86572980074572,26.358454933103665
frozen_test,iid_small,hybrid_load_balanced,12,24,24,1.0,1.0,1.0,0.005757540988270193,0.004844575480092317,0.006112765477155335,38.018155658491104,33.96269659429266,23.227948235404522,28.940616524282145
frozen_test,iid_small,load_balanced,12,24,24,1.0,1.0,1.0,0.0052530640095938,0.004419875986059196,0.005625991761917248,38.400002573093246,34.45575102273124,23.227948235404522,27.828541385917756
frozen_test,iid_small,order_aware_lns,12,24,24,1.0,1.0,1.0,0.23270415401202627,0.2012731260037981,0.26581267347501125,30.53974628800855,27.7630438532436,7.605017393027522,23.964515651135716
frozen_test,ood_dense_precedence,assignment_milp,12,24,13,0.5416666666666666,0.4166666666666667,0.6666666666666666,1.2322210115089547,0.6950941067043459,2.0434842925023986,148.09449331287473,142.65278345727222,14.047985893756026,47.39310560914694
frozen_test,ood_dense_precedence,deterministic_lns,12,24,13,0.5416666666666666,0.4166666666666667,0.6666666666666666,0.4745058900152799,0.03923515671340283,0.5330396837816807,126.79634268007844,120.29128996058388,11.980538826037751,59.06025778192674
frozen_test,ood_dense_precedence,greedy,12,24,13,0.5416666666666666,0.4166666666666667,0.6666666666666666,0.021100083977216855,0.017282233020523563,0.025018903019372374,150.80121126940045,143.45977963867225,74.3493273019087,36.239652656327586
frozen_test,ood_dense_precedence,hungarian,12,24,13,0.5416666666666666,0.4166666666666667,0.6666666666666666,0.023531504964921623,0.019649660476716235,0.027738412958569825,146.2551465935111,141.04809597362265,11.809892834099246,46.16555978183497
frozen_test,ood_dense_precedence,hybrid_assignment_milp,12,24,16,0.6666666666666666,0.5416666666666666,0.7916666666666666,1.235539515997516,0.6936753395129927,2.0442160397506086,167.10861587276045,160.5918372551796,14.203187097668417,58.06619262697438
frozen_test,ood_dense_precedence,hybrid_load_balanced,12,24,16,0.6666666666666666,0.5416666666666666,0.7916666666666666,0.02272145648021251,0.020348216232378036,0.026707418015575968,167.43075034339395,158.57351122753698,18.972524467665398,79.08612892473688
frozen_test,ood_dense_precedence,load_balanced,12,24,13,0.5416666666666666,0.4166666666666667,0.6666666666666666,0.02109720345470123,0.017257570754736662,0.02459685849316884,146.11098483298176,138.55698376085326,18.747460677852892,66.16628038235858
frozen_test,ood_dense_precedence,order_aware_lns,12,24,20,0.8333333333333334,0.7083333333333334,0.9583333333333334,0.6533322960312944,0.377378449527896,0.8403831722389441,142.41910615111067,134.45069788986407,12.733683041421315,73.31724109175543
frozen_test,ood_resource_bottleneck,assignment_milp,12,24,14,0.5833333333333334,0.375,0.75,1.4961811210087035,0.7176356507698074,2.2554166102345334,165.81733680312544,160.59176904206535,10.586112457452435,46.96262138187487
frozen_test,ood_resource_bottleneck,deterministic_lns,12,24,13,0.5416666666666666,0.3333333333333333,0.75,0.5050350649980828,0.03858113574096933,0.6224834929889766,144.78698828478605,138.5667020708821,12.19766541155806,56.104029433260656
frozen_test,ood_resource_bottleneck,greedy,12,24,13,0.5416666666666666,0.375,0.7083333333333334,0.021557832485996187,0.019638357785879634,0.024375232969759963,177.7051380265,165.1550321465218,177.71139594062998,36.645360829467215
frozen_test,ood_resource_bottleneck,hungarian,12,24,12,0.5,0.2916666666666667,0.7083333333333334,0.024536575481761247,0.020529201268800534,0.027618794032605365,161.39675878357195,156.07562180163237,11.49604788146968,47.46334587866121
frozen_test,ood_resource_bottleneck,hybrid_assignment_milp,12,24,21,0.875,0.75,1.0,1.5022908625251148,0.7295299672405235,2.3172612917405786,185.6106418076133,178.6915901112825,11.958914399213118,63.21105976370123
frozen_test,ood_resource_bottleneck,hybrid_load_balanced,12,24,20,0.8333333333333334,0.7083333333333334,0.9583333333333334,0.0268493564799428,0.024771328986389562,0.029402030719211325,198.1623922032816,188.30867669643402,15.857011768486638,90.60864918423258
frozen_test,ood_resource_bottleneck,load_balanced,12,24,13,0.5416666666666666,0.3333333333333333,0.75,0.021757067501312122,0.019836284525808878,0.024679509981069714,166.00045728391493,158.8617102842538,15.869614921968775,63.45266253562684
frozen_test,ood_resource_bottleneck,order_aware_lns,12,24,22,0.9166666666666666,0.7916666666666666,1.0,0.9435047364968341,0.8265508062613662,1.0956203429668676,157.55389370603856,149.13742405665653,18.183088022145224,75.07315248274782
frozen_test,ood_scale,assignment_milp,12,24,3,0.125,0.0,0.25,3.049598468001932,3.042897682491457,3.052125876536593,222.81323351698808,216.59392210392474,8.966062573810243,57.710082843728514
frozen_test,ood_scale,deterministic_lns,12,24,4,0.16666666666666666,0.041666666666666664,0.2916666666666667,0.08440447802422568,0.07196488029148895,0.0940866832388565,193.5335799874768,183.4946847357337,21.118087619990607,89.82990870743551
frozen_test,ood_scale,greedy,12,24,3,0.125,0.0,0.25,0.04100239998660982,0.03590254424489103,0.04658251725777518,241.91395848771097,231.16901337856112,125.58699636328792,44.65595290985458
frozen_test,ood_scale,hungarian,12,24,3,0.125,0.0,0.25,0.05266832798952237,0.043218345221248455,0.057327157992403954,228.87553301745882,222.64673837641772,8.410315503220385,58.08278865880083
frozen_test,ood_scale,hybrid_assignment_milp,12,24,10,0.4166666666666667,0.20833333333333334,0.6666666666666666,3.0501109044707846,3.04558636850561,3.05840753747907,274.2600161029163,263.9908357229839,11.277312536118178,97.05314753126564
frozen_test,ood_scale,hybrid_load_balanced,12,24,9,0.375,0.16666666666666666,0.625,0.0444048710342031,0.04108877477119677,0.04915973775496241,288.74759940790244,272.95460318009873,17.874620973005396,148.99265179153429
frozen_test,ood_scale,load_balanced,12,24,4,0.16666666666666666,0.041666666666666664,0.2916666666666667,0.04141673550475389,0.036250344288419,0.04646265726478305,220.6307608437234,210.40770373256194,13.111637920829065,95.67475215120024
frozen_test,ood_scale,order_aware_lns,12,24,12,0.5,0.2916666666666667,0.7083333333333334,0.7650326024740934,0.4210444697237108,1.482347158511402,247.03267391539174,232.8190441482487,21.297070638263676,131.4877623522987
frozen_test,ood_tight_windows,assignment_milp,12,24,4,0.16666666666666666,0.041666666666666664,0.2916666666666667,1.106180881470209,0.39774843024497386,1.5674021864833776,115.2617895336749,110.31394086366849,8.4497654043947,45.25360399786668
frozen_test,ood_tight_windows,deterministic_lns,12,24,4,0.16666666666666666,0.041666666666666664,0.2916666666666667,0.032520644017495215,0.0285774302756181,0.03904527548002079,102.94679149018768,97.63978086020329,1.6927364430910918,52.22373807829833
frozen_test,ood_tight_windows,greedy,12,24,4,0.16666666666666666,0.041666666666666664,0.2916666666666667,0.016078710497822613,0.014552635737345554,0.017751859020791017,119.24867020086091,113.92528789131295,29.439912530357212,38.51386683030111
frozen_test,ood_tight_windows,hungarian,12,24,5,0.20833333333333334,0.08333333333333333,0.3333333333333333,0.017547715979162604,0.015908781759208068,0.021734455483965576,106.35692270971512,101.67249149268854,2.628643239349134,45.52999055059122
frozen_test,ood_tight_windows,hybrid_assignment_milp,12,24,8,0.3333333333333333,0.16666666666666666,0.5,1.10981973449816,0.4106736250105314,1.5532053617498605,133.4963105970004,127.15800439009064,12.316985901177882,57.22456911850861
frozen_test,ood_tight_windows,hybrid_load_balanced,12,24,6,0.25,0.08333333333333333,0.4583333333333333,0.01720100748934783,0.014972569726523943,0.021112408765475266,150.13307236062275,142.02908651281913,7.184811902041137,77.44745252701546
frozen_test,ood_tight_windows,load_balanced,12,24,4,0.16666666666666666,0.041666666666666664,0.2916666666666667,0.015991344989743084,0.014487560227280483,0.017611895003938116,117.06256822668962,110.60165809215158,3.1466934861791622,63.03575460229089
frozen_test,ood_tight_windows,order_aware_lns,12,24,12,0.5,0.375,0.625,0.25908084452385083,0.1492225517431507,0.5798176319949562,104.28097231450309,97.22880975967841,5.948188714987863,67.54753119075285
stress,designed_edge_infeasible,assignment_milp,6,6,0,0.0,0.0,0.0,0.0077710025070700794,0.006345295754726976,0.00874983450921718,,,,
stress,designed_edge_infeasible,deterministic_lns,6,6,0,0.0,0.0,0.0,0.015572305506793782,0.012741592232487164,0.017593269265489653,,,,
stress,designed_edge_infeasible,greedy,6,6,0,0.0,0.0,0.0,0.007855299481889233,0.006414455216145143,0.008883964008418843,,,,
stress,designed_edge_infeasible,hungarian,6,6,0,0.0,0.0,0.0,0.007788775954395533,0.006403213483281434,0.008777424227446318,,,,
stress,designed_edge_infeasible,hybrid_assignment_milp,6,6,0,0.0,0.0,0.0,0.007782936474541202,0.006450056011090055,0.00876418846019078,,,,
stress,designed_edge_infeasible,hybrid_load_balanced,6,6,0,0.0,0.0,0.0,0.007836739969206974,0.0063925764843588695,0.008787650236627087,,,,
stress,designed_edge_infeasible,load_balanced,6,6,0,0.0,0.0,0.0,0.00780024949926883,0.006360179278999567,0.008793219269136898,,,,
stress,designed_edge_infeasible,order_aware_lns,6,6,0,0.0,0.0,0.0,0.00783273097476922,0.006410651476471685,0.008753917762078345,,,,
stress,extreme_resource,assignment_milp,6,6,1,0.16666666666666666,0.0,0.5,3.0409131379856262,2.8884844262356637,3.045007316992269,186.42046123567698,178.9437681510046,15.351285241526682,67.09128822596065
stress,extreme_resource,deterministic_lns,6,6,1,0.16666666666666666,0.0,0.5,0.07773423052276485,0.07607866250327788,0.08023990775109269,167.26895519316616,158.30328270886514,19.854232990652623,79.72960834768386
stress,extreme_resource,greedy,6,6,1,0.16666666666666666,0.0,0.5,0.03908576146932319,0.03827448849915527,0.04039614900830202,216.8259590127329,208.32041531424414,72.90044166002333,48.6052161548759
stress,extreme_resource,hungarian,6,6,1,0.16666666666666666,0.0,0.5,0.044595549028599635,0.042831495506106876,0.04574539899476804,202.15141657558502,195.56705956638615,15.683064180651835,58.0020380016628
stress,extreme_resource,hybrid_assignment_milp,6,6,1,0.16666666666666666,0.0,0.5,3.0416481395368464,2.901762629247969,3.0454263489955338,186.42046123567698,178.9437681510046,15.351285241526682,67.09128822596065
stress,extreme_resource,hybrid_load_balanced,6,6,2,0.3333333333333333,0.0,0.6666666666666666,0.04315157700330019,0.039891726773930714,0.04890139577037189,249.80949674299717,237.42321676727374,13.490877536266284,117.11736098910103
stress,extreme_resource,load_balanced,6,6,1,0.16666666666666666,0.0,0.5,0.04011122850351967,0.0389477069984423,0.04120953749225009,198.9017336699118,190.1138327000065,15.250653177883608,80.25368311011134
stress,extreme_resource,order_aware_lns,6,6,3,0.5,0.16666666666666666,0.8333333333333334,0.7781967400223948,0.41980239121767227,0.9851053935126401,216.05449970907398,204.37079753098254,8.77917438471611,112.44743458855649
stress,extreme_scale,assignment_milp,6,6,0,0.0,0.0,0.0,3.06183282652637,3.05930696001451,3.063335567028844,,,,
stress,extreme_scale,deterministic_lns,6,6,0,0.0,0.0,0.0,0.1074094470241107,0.10314003248640802,0.10881077450176235,,,,
stress,extreme_scale,greedy,6,6,0,0.0,0.0,0.0,0.05485023302026093,0.05217668124532793,0.05538548000913579,,,,
stress,extreme_scale,hungarian,6,6,0,0.0,0.0,0.0,0.07183631797670387,0.06564870470901951,0.07266555922979023,,,,
stress,extreme_scale,hybrid_assignment_milp,6,6,0,0.0,0.0,0.0,3.0631271500024013,3.0616005780320847,3.067789594992064,,,,
stress,extreme_scale,hybrid_load_balanced,6,6,0,0.0,0.0,0.0,0.056477695994544774,0.055045358240022324,0.05913868677453138,,,,
stress,extreme_scale,load_balanced,6,6,0,0.0,0.0,0.0,0.05406410599243827,0.052172014737152494,0.05538445126148872,,,,
stress,extreme_scale,order_aware_lns,6,6,1,0.16666666666666666,0.0,0.5,0.7086236244940665,0.45532617600110825,0.929979953012662,325.2121807539226,303.2558116016288,24.167859880473944,207.47976158270072
stress,extreme_tight_windows,assignment_milp,6,6,0,0.0,0.0,0.0,3.03660443550325,3.0340964167553466,3.0385685167566407,,,,
stress,extreme_tight_windows,deterministic_lns,6,6,0,0.0,0.0,0.0,0.0644743160228245,0.059032561504864134,0.06652221699187066,,,,
stress,extreme_tight_windows,greedy,6,6,0,0.0,0.0,0.0,0.032666368497302756,0.029907169737271033,0.03361906626378186,,,,
stress,extreme_tight_windows,hungarian,6,6,0,0.0,0.0,0.0,0.03989913850091398,0.03534480898815673,0.04069688751769718,,,,
stress,extreme_tight_windows,hybrid_assignment_milp,6,6,0,0.0,0.0,0.0,3.0361933594977017,3.035126506758388,3.039801955485018,,,,
stress,extreme_tight_windows,hybrid_load_balanced,6,6,0,0.0,0.0,0.0,0.03318353052600287,0.030649866253952496,0.03439257849822752,,,,
stress,extreme_tight_windows,load_balanced,6,6,0,0.0,0.0,0.0,0.032701450487365946,0.029719996280618943,0.033460047241533175,,,,
stress,extreme_tight_windows,order_aware_lns,6,6,0,0.0,0.0,0.0,0.16511603150865994,0.13984980074747,0.19712080151657574,,,,
train,medium_balanced,assignment_milp,24,48,48,1.0,1.0,1.0,0.2495468510023784,0.07291696550964843,0.3741046227660263,86.97330910985556,82.79744063878945,12.771575891219388,35.37289676505151
train,medium_balanced,deterministic_lns,24,48,48,1.0,1.0,1.0,0.37220142548903823,0.3113504584907787,0.40367159798915964,73.28312825200125,68.70125622310401,14.911928161197016,38.36275620837384
train,medium_balanced,greedy,24,48,48,1.0,1.0,1.0,0.011841326981084421,0.010511590749956667,0.013335858515347354,88.0596625184808,82.31063524603083,57.94861783234878,28.515963808325324
train,medium_balanced,hungarian,24,48,48,1.0,1.0,1.0,0.0126353949890472,0.010986848530592397,0.014154125514323823,84.70628590757944,80.58758153691906,13.943430167295988,34.21532862295577
train,medium_balanced,hybrid_assignment_milp,24,48,48,1.0,1.0,1.0,0.25254639497143216,0.07480170571943745,0.375751598723582,86.53677507323822,82.17302769771068,12.771575891219388,37.25168580966565
train,medium_balanced,hybrid_load_balanced,24,48,48,1.0,1.0,1.0,0.01362709901877679,0.011499027736135758,0.01510546324425377,85.41734968053844,80.05917233181414,20.315757032612947,43.42389497093653
train,medium_balanced,load_balanced,24,48,48,1.0,1.0,1.0,0.011854623997351155,0.010524249009904452,0.013167815763154067,85.41734968053844,80.05917233181414,20.315757032612947,43.42389497093653
train,medium_balanced,order_aware_lns,24,48,48,1.0,1.0,1.0,0.51197787449928,0.4106748607446207,0.5509847607463598,72.1563693278923,67.39627580127508,16.254045304887647,39.473912613728416
train,medium_precedence,assignment_milp,24,48,42,0.875,0.7291666666666666,0.9791666666666666,0.5781867324840277,0.2764973012235714,0.9100564847612986,103.25329785491687,98.80607672137658,10.167109486110567,39.388656592347466
train,medium_precedence,deterministic_lns,24,48,43,0.8958333333333334,0.7916666666666666,0.9791666666666666,0.4078166249964852,0.34375411727523897,0.455176842486253,84.40493844600557,79.25993211134309,12.479559113109005,45.210283790070335
train,medium_precedence,greedy,24,48,44,0.9166666666666666,0.8125,1.0,0.016429081006208435,0.013292667252244428,0.01830590347526595,105.82383602024039,98.10628506114405,94.95253407110258,29.699242555412113
train,medium_precedence,hungarian,24,48,43,0.8958333333333334,0.7708333333333334,1.0,0.017239319015061483,0.014055559789994732,0.019565953480196185,100.78395815527564,96.59785940316112,10.949868181633487,36.386053430328374
train,medium_precedence,hybrid_assignment_milp,24,48,45,0.9375,0.875,1.0,0.5801471879822202,0.27796154453244526,0.9162051974999486,102.54572971328597,97.73766032099704,9.864115121284458,43.148636362247096
train,medium_precedence,hybrid_load_balanced,24,48,45,0.9375,0.8333333333333334,1.0,0.01786994401481934,0.014634895720519125,0.019936134995077737,102.31207161802348,95.98143019278963,18.57567419477411,54.018577154951466
train,medium_precedence,load_balanced,24,48,43,0.8958333333333334,0.7916666666666666,0.9791666666666666,0.016141032509040087,0.013248400777229108,0.018311611507670023,100.63364779955484,94.46139189173714,18.91006865612117,52.267524750116394
train,medium_precedence,order_aware_lns,24,48,47,0.9791666666666666,0.9375,1.0,0.5400163485028315,0.46470917825354263,0.6159899500344181,83.37864705519358,78.00091309805829,13.09810724245182,47.22828595012701
train,medium_resource,assignment_milp,24,48,38,0.7916666666666666,0.6666666666666666,0.9166666666666666,0.39241754901013337,0.20012367449817248,0.6213885790348286,110.94122012293545,106.20573454779526,12.417671629134892,41.14601993683445
train,medium_resource,deterministic_lns,24,48,40,0.8333333333333334,0.7083333333333334,0.9375,0.4274356819805689,0.3741547799872933,0.46055489948776085,92.1745224511538,87.18948789630966,10.920253242837047,44.39021892702291
train,medium_resource,greedy,24,48,37,0.7708333333333334,0.625,0.8958333333333334,0.014782846003072336,0.012353431739029475,0.016276056761853397,115.08641594132936,107.45385618111918,89.24020801399269,31.705493595105537
train,medium_resource,hungarian,24,48,37,0.7708333333333334,0.6458333333333334,0.8958333333333334,0.01573052047751844,0.012980082494323142,0.0177214997675037,109.57380561461353,105.03986672548938,11.312857605342643,39.682960088570205
train,medium_resource,hybrid_assignment_milp,24,48,47,0.9791666666666666,0.9375,1.0,0.39232214051298797,0.20309751621971373,0.6182438925025053,119.10520759524027,113.75830832021678,12.45358259375515,47.24220145335724
train,medium_resource,hybrid_load_balanced,24,48,48,1.0,1.0,1.0,0.017507276497781277,0.01595430850284174,0.019596693775383756,120.58735299685974,113.53588817871716,19.924882842955782,60.55220675994785
train,medium_resource,load_balanced,24,48,40,0.8333333333333334,0.7083333333333334,0.9375,0.014847491023829207,0.0125147310027387,0.016880914263310842,107.6089409631433,101.4707401136723,18.359654980687335,52.202181004366246
train,medium_resource,order_aware_lns,24,48,48,1.0,1.0,1.0,0.6452113389968872,0.5907224949623924,0.6788883672707016,98.5450152273868,92.89793431290207,11.371699547343638,50.784959371175525
train,small_sparse,assignment_milp,24,48,48,1.0,1.0,1.0,0.01635097700636834,0.01217612501932308,0.03889077001076657,38.86817851519347,35.87357416152369,10.799186689467499,24.54645019196404
train,small_sparse,deterministic_lns,24,48,48,1.0,1.0,1.0,0.19872373549151234,0.1487296365085058,0.22124524375249166,35.16864105377361,32.32181744337872,10.495853403131163,23.220309402383307
train,small_sparse,greedy,24,48,48,1.0,1.0,1.0,0.005034308473113924,0.0035098757361993194,0.00625757550005801,41.115195837380746,37.18390093074381,39.83513604910398,19.395381041817345
train,small_sparse,hungarian,24,48,48,1.0,1.0,1.0,0.005107990495162085,0.003515242482535541,0.006416837961296551,38.65664039042417,35.75816549968976,11.682265123377098,23.143616345655577
train,small_sparse,hybrid_assignment_milp,24,48,48,1.0,1.0,1.0,0.015603843494318426,0.012464017985621467,0.037119962013093755,38.551353495105516,35.531538490516795,10.799186689467499,24.798556701153494
train,small_sparse,hybrid_load_balanced,24,48,48,1.0,1.0,1.0,0.005310434498824179,0.0037352060026023537,0.006662766536464915,39.19996936130959,35.752155319555904,16.59209572343694,26.182092555818386
train,small_sparse,load_balanced,24,48,48,1.0,1.0,1.0,0.004973547998815775,0.0034558072802610695,0.006224091732292436,39.325795653823825,35.87925964926241,16.59209572343694,26.169312183895705
train,small_sparse,order_aware_lns,24,48,48,1.0,1.0,1.0,0.23792006450821646,0.17375036173325498,0.2852483752358239,34.701486744954806,31.93462399772178,10.033240708480719,22.652007118089927
validation,medium_balanced,assignment_milp,6,12,12,1.0,1.0,1.0,0.32190908800112084,0.0801235950057162,0.512019941030303,103.8257303647193,99.87840635308756,13.578121208766698,32.68417951193412
validation,medium_balanced,deterministic_lns,6,12,12,1.0,1.0,1.0,0.3552117839863058,0.2956170677061891,0.41295057772367727,87.21735779468702,83.08522473889188,6.900022855618977,37.871319130142
validation,medium_balanced,greedy,6,12,12,1.0,1.0,1.0,0.01157694449648261,0.009039246011525393,0.012648617223021574,102.29012502417304,97.27381542033889,47.07185899218885,26.627166542246954
validation,medium_balanced,hungarian,6,12,12,1.0,1.0,1.0,0.012164193525677547,0.00922251351585146,0.013432410501991399,101.38946813084883,97.86963573134898,8.551627115763987,30.92251043711634
validation,medium_balanced,hybrid_assignment_milp,6,12,12,1.0,1.0,1.0,0.3161185839853715,0.08754847798263654,0.5081006929831346,103.52862524584496,99.48958302715442,13.5781212087667,33.60136158252208
validation,medium_balanced,hybrid_load_balanced,6,12,12,1.0,1.0,1.0,0.012914115999592468,0.01045903522754088,0.014267172969994135,102.50267992862325,97.6774694291944,12.283429889311389,42.110390049632905
validation,medium_balanced,load_balanced,6,12,12,1.0,1.0,1.0,0.011416296503739432,0.008814495246042497,0.012581755509017967,102.50267992862325,97.6774694291944,12.283429889311389,42.110390049632905
validation,medium_balanced,order_aware_lns,6,12,12,1.0,1.0,1.0,0.48643226246349514,0.3716952745162416,0.5881320734915789,87.12244052164903,82.49507220507628,12.492407391526335,40.02747946996426
validation,medium_precedence,assignment_milp,6,12,7,0.5833333333333334,0.3333333333333333,0.8333333333333334,0.3773347355017904,0.15824926900677383,0.8764195337280398,125.03908066147834,120.52785859965608,16.17558815259644,37.024426541924434
validation,medium_precedence,deterministic_lns,6,12,5,0.4166666666666667,0.16666666666666666,0.6666666666666666,0.03256028500618413,0.02215279673691839,0.37872596125816926,106.64828169136334,101.87976850283715,12.098743546866903,41.6357601118283
validation,medium_precedence,greedy,6,12,6,0.5,0.25,0.75,0.011521195498062298,0.010013503037043847,0.016502239741384983,115.91741344896874,109.82098407182158,62.21012593520506,29.859230803868915
validation,medium_precedence,hungarian,6,12,7,0.5833333333333334,0.3333333333333333,0.8333333333333334,0.012311481987126172,0.010652449011104181,0.018069579731673002,114.75901351001312,110.42518851810622,18.60644532503597,34.03502725655097
validation,medium_precedence,hybrid_assignment_milp,6,12,11,0.9166666666666666,0.75,1.0,0.3671960964857135,0.16106775602384005,0.8872758214856731,148.98734123913792,142.76891463115172,18.880301220043428,52.744115469840416
validation,medium_precedence,hybrid_load_balanced,6,12,12,1.0,1.0,1.0,0.018704841000726447,0.013073324502329342,0.020640882270527072,159.92726191646048,151.60857921699954,24.264257612417573,71.05469818840037
validation,medium_precedence,load_balanced,6,12,5,0.4166666666666667,0.16666666666666666,0.6666666666666666,0.011526750487973914,0.00994259724393487,0.01597388699883595,123.99308498123183,118.21493336902662,22.502840488687514,46.53009587770834
validation,medium_precedence,order_aware_lns,6,12,12,1.0,1.0,1.0,0.5858854290272575,0.5238586427440168,0.6458599342731759,115.21577923471837,108.56582551072648,13.996109619096252,59.50148243037072
validation,medium_resource,assignment_milp,6,12,10,0.8333333333333334,0.6666666666666666,1.0,0.45596158946864307,0.21448347126715817,1.0933713929844089,117.26170407870013,112.75126802450376,8.721352492441255,40.74368429574307
validation,medium_resource,deterministic_lns,6,12,11,0.9166666666666666,0.75,1.0,0.4339669339824468,0.342514430245501,0.48740728475968353,99.37527636676079,93.99468158799925,17.517083838731985,45.047405868249314
validation,medium_resource,greedy,6,12,10,0.8333333333333334,0.6666666666666666,1.0,0.012943870009621605,0.011717133747879416,0.017263735746382736,124.87714450119786,115.69288642731667,123.80886903536698,29.938146221128363
validation,medium_resource,hungarian,6,12,10,0.8333333333333334,0.6666666666666666,1.0,0.013503412978025153,0.01245481574733276,0.01923513025394641,112.47977184398336,108.41446792518495,7.864340553450921,36.720868911258535
validation,medium_resource,hybrid_assignment_milp,6,12,12,1.0,1.0,1.0,0.4552289444836788,0.21574023051653057,1.0876884494791739,127.96801286325346,122.86693234550556,9.218403523136814,46.40160341591063
validation,medium_resource,hybrid_load_balanced,6,12,12,1.0,1.0,1.0,0.016044546471675858,0.013744351716013625,0.022737101739039645,128.5136721716992,122.26909065203716,15.257797842577071,54.81691627533167
validation,medium_resource,load_balanced,6,12,11,0.9166666666666666,0.75,1.0,0.013029366004047915,0.011679290750180371,0.01986192076583393,117.1188567180024,111.2045354246703,15.503634653923934,51.39139560635919
validation,medium_resource,order_aware_lns,6,12,12,1.0,1.0,1.0,0.6782601260347292,0.48096313475980423,0.7664615507092094,107.5658402140408,102.07320056611414,12.182167721616242,48.83531261845854
validation,small_sparse,assignment_milp,6,12,12,1.0,1.0,1.0,0.01341170648811385,0.006957412217161618,0.02401270675181877,36.892101065359874,34.09103213472569,11.17978394506457,22.42079733380965
validation,small_sparse,deterministic_lns,6,12,12,1.0,1.0,1.0,0.15387206748710014,0.12520260325982235,0.18841785672702827,33.621301443555296,30.953082447836273,8.856673204018472,22.253853355180972
validation,small_sparse,greedy,6,12,12,1.0,1.0,1.0,0.004023836983833462,0.0029007699922658503,0.004870707722147927,41.17635702026703,36.77686068126261,53.97183988198243,17.009043449052882
validation,small_sparse,hungarian,6,12,12,1.0,1.0,1.0,0.004011732991784811,0.0028778027481166646,0.004850960249314085,35.65531017243616,33.03756248454677,11.343469913662602,20.505741922062622
validation,small_sparse,hybrid_assignment_milp,6,12,12,1.0,1.0,1.0,0.013586418004706502,0.007339021976804361,0.024384228760027327,36.77340869269595,33.808273991994106,11.17978394506457,24.06145503448617
validation,small_sparse,hybrid_load_balanced,6,12,12,1.0,1.0,1.0,0.004220200527925044,0.0030882980208843946,0.0052340300171636045,36.16388321292212,33.079433796988084,16.540059650786397,22.574464333947244
validation,small_sparse,load_balanced,6,12,12,1.0,1.0,1.0,0.003964768518926576,0.0028073057619621977,0.00476719974540174,36.16388321292212,33.079433796988084,16.540059650786397,22.574464333947244
validation,small_sparse,order_aware_lns,6,12,12,1.0,1.0,1.0,0.17877658200450242,0.14656031674530823,0.22869230899959803,32.75075704428735,30.086986224150518,9.096520531829515,22.089447935453553
